{
  "content": [
    {
      "path": "Effects/LIGHT_C208_BeaconTop.fx",
      "size": 3501,
      "date": 132675617620000000
    },
    {
      "path": "Effects/LIGHT_C208_Landing.fx",
      "size": 1234,
      "date": 132675617620000000
    },
    {
      "path": "Effects/LIGHT_C208_NavigationGreen.fx",
      "size": 1230,
      "date": 132675617620000000
    },
    {
      "path": "Effects/LIGHT_C208_NavigationRed.fx",
      "size": 1227,
      "date": 132675617620000000
    },
    {
      "path": "Effects/LIGHT_C208_NavigationWhite.fx",
      "size": 1353,
      "date": 132675617620000000
    },
    {
      "path": "Effects/LIGHT_C208_StrobeSimple.fx",
      "size": 4700,
      "date": 132675617620000000
    },
    {
      "path": "Effects/LIGHT_C208_Taxi.fx",
      "size": 1288,
      "date": 132766366580487350
    },
    {
      "path": "Effects/LIGHT_C208_vLanding.fx",
      "size": 1233,
      "date": 132766366580487350
    },
    {
      "path": "Effects/LIGHT_C208_vTaxi.fx",
      "size": 1285,
      "date": 132675617620000000
    },
    {
      "path": "Effects/LIGHT_C208_Wing.fx",
      "size": 1342,
      "date": 132675617620000000
    },
    {
      "path": "Effects/texture/FX_ulm01.PNG.dds",
      "size": 87556,
      "date": 132675617620000000
    },
    {
      "path": "Effects/texture/fx_ulm01.png.DDS.FLAGS",
      "size": 21,
      "date": 132675617620000000
    },
    {
      "path": "Effects/texture/FX_ulm01.PNG.DDS.json",
      "size": 144,
      "date": 132675617620000000
    },
    {
      "path": "Effects/texture/FX_ulm02.PNG.dds",
      "size": 87556,
      "date": 132675617620000000
    },
    {
      "path": "Effects/texture/fx_ulm02.png.DDS.FLAGS",
      "size": 21,
      "date": 132675617620000000
    },
    {
      "path": "Effects/texture/FX_ulm02.PNG.DDS.json",
      "size": 144,
      "date": 132675617620000000
    },
    {
      "path": "Effects/texture/FX_ulm03.PNG.dds",
      "size": 87556,
      "date": 132675617620000000
    },
    {
      "path": "Effects/texture/fx_ulm03.png.DDS.FLAGS",
      "size": 21,
      "date": 132675617620000000
    },
    {
      "path": "Effects/texture/FX_ulm03.PNG.DDS.json",
      "size": 144,
      "date": 132675617620000000
    },
    {
      "path": "Effects/texture/FX_ulm04.PNG.DDS",
      "size": 87556,
      "date": 132675617620000000
    },
    {
      "path": "Effects/texture/fx_ulm04.png.DDS.FLAGS",
      "size": 21,
      "date": 132675617620000000
    },
    {
      "path": "Effects/texture/FX_ulm04.PNG.DDS.json",
      "size": 144,
      "date": 132675617620000000
    },
    {
      "path": "SimObjects/Airplanes/Asobo_208B_GRAND_CARAVAN_EX/apron.flt",
      "size": 2896,
      "date": 132766366580517377
    },
    {
      "path": "SimObjects/Airplanes/Asobo_208B_GRAND_CARAVAN_EX/cockpit.cfg",
      "size": 4971,
      "date": 132766364632352885
    },
    {
      "path": "SimObjects/Airplanes/Asobo_208B_GRAND_CARAVAN_EX/engines.cfg",
      "size": 16412,
      "date": 132767243311224406
    },
    {
      "path": "SimObjects/Airplanes/Asobo_208B_GRAND_CARAVAN_EX/flight_model.cfg",
      "size": 21209,
      "date": 132767262564102112
    },
    {
      "path": "SimObjects/Airplanes/Asobo_208B_GRAND_CARAVAN_EX/systems.cfg",
      "size": 15690,
      "date": 132766394599134893
    },
    {
      "path": "SimObjects/Airplanes/Asobo_208B_GRAND_CARAVAN_EX/target_performance.cfg",
      "size": 1911,
      "date": 132766364632372897
    },
    {
      "path": "SimObjects/Airplanes/Asobo_208B_GRAND_CARAVAN_EX/model/208B_GRAND_CARAVAN_EX.xml",
      "size": 7409,
      "date": 132766364632362891
    },
    {
      "path": "SimObjects/Airplanes/Asobo_208B_GRAND_CARAVAN_EX/model/208B_GRAND_CARAVAN_EX_INTERIOR.xml",
      "size": 39026,
      "date": 132766364632362891
    },
    {
      "path": "SimObjects/Airplanes/Asobo_208B_GRAND_CARAVAN_EX/model/208B_GRAND_CARAVAN_EX_INTERIOR_LOD00.gltf",
      "size": 949978,
      "date": 132750955241930750
    },
    {
      "path": "SimObjects/Airplanes/Asobo_208B_GRAND_CARAVAN_EX/model/208B_GRAND_CARAVAN_EX_INTERIOR_LOD01.gltf",
      "size": 874533,
      "date": 132750955241960775
    },
    {
      "path": "SimObjects/Airplanes/Asobo_208B_GRAND_CARAVAN_EX/model/208B_GRAND_CARAVAN_EX_INTERIOR_LOD02.gltf",
      "size": 580849,
      "date": 132750955241990800
    },
    {
      "path": "SimObjects/Airplanes/Asobo_208B_GRAND_CARAVAN_EX/model/208B_GRAND_CARAVAN_EX_INTERIOR_LOD03.gltf",
      "size": 147780,
      "date": 132750955242000809
    },
    {
      "path": "SimObjects/Airplanes/Asobo_208B_GRAND_CARAVAN_EX/model/208B_GRAND_CARAVAN_EX_INTERIOR_LOD04.gltf",
      "size": 27198,
      "date": 132750955242000809
    },
    {
      "path": "SimObjects/Airplanes/Asobo_208B_GRAND_CARAVAN_EX/panel/Panel.xml",
      "size": 68685,
      "date": 132766392520517505
    },
    {
      "path": "SimObjects/Airplanes/Asobo_208B_GRAND_CARAVAN_EX/TEXTURE/CESSNA_208B_GRANDCARAVANEX_AIRFRAME_PROPELLER_ALBD.PNG.dds",
      "size": 5592580,
      "date": 132675617620000000
    },
    {
      "path": "SimObjects/Airplanes/Asobo_208B_GRAND_CARAVAN_EX/TEXTURE/CESSNA_208B_GRANDCARAVANEX_AIRFRAME_PROPELLER_ALBD.PNG.DDS.json",
      "size": 102,
      "date": 132675617620000000
    },
    {
      "path": "SimObjects/Airplanes/Asobo_208B_GRAND_CARAVAN_EX/TEXTURE/CESSNA_208B_GRANDCARAVANEX_AIRFRAME_PROPELLER_COMP.PNG.dds",
      "size": 5592580,
      "date": 132675617620000000
    },
    {
      "path": "SimObjects/Airplanes/Asobo_208B_GRAND_CARAVAN_EX/TEXTURE/CESSNA_208B_GRANDCARAVANEX_AIRFRAME_PROPELLER_COMP.PNG.DDS.FLAGS",
      "size": 21,
      "date": 132719420340000000
    },
    {
      "path": "SimObjects/Airplanes/Asobo_208B_GRAND_CARAVAN_EX/TEXTURE/CESSNA_208B_GRANDCARAVANEX_AIRFRAME_PROPELLER_COMP.PNG.DDS.json",
      "size": 191,
      "date": 132675617620000000
    },
    {
      "path": "SimObjects/Airplanes/Asobo_208B_GRAND_CARAVAN_EX/TEXTURE/CESSNA_208B_GRANDCARAVANEX_AIRFRAME_PROP_BLUR_ALBD.PNG.dds",
      "size": 1398256,
      "date": 132719420340000000
    },
    {
      "path": "SimObjects/Airplanes/Asobo_208B_GRAND_CARAVAN_EX/TEXTURE/CESSNA_208B_GRANDCARAVANEX_AIRFRAME_PROP_BLUR_ALBD.PNG.DDS.json",
      "size": 119,
      "date": 132546863240000000
    },
    {
      "path": "SimObjects/Airplanes/Asobo_208B_GRAND_CARAVAN_EX/TEXTURE/CESSNA_208B_GRANDCARAVANEX_AIRFRAME_PROP__SLOW_ALBD.PNG.DDS",
      "size": 1398256,
      "date": 132719420340000000
    },
    {
      "path": "SimObjects/Airplanes/Asobo_208B_GRAND_CARAVAN_EX/TEXTURE/CESSNA_208B_GRANDCARAVANEX_AIRFRAME_PROP__SLOW_ALBD.PNG.DDS.json",
      "size": 119,
      "date": 132479429980000000
    },
    {
      "path": "SimObjects/Airplanes/Asobo_208B_GRAND_CARAVAN_EX/TEXTURE/CESSNA_208B_GRANDCARAVANEX_COCKPIT_BUTTONS_ALBD.PNG.dds",
      "size": 1398276,
      "date": 132675617620000000
    },
    {
      "path": "SimObjects/Airplanes/Asobo_208B_GRAND_CARAVAN_EX/TEXTURE/CESSNA_208B_GRANDCARAVANEX_COCKPIT_BUTTONS_ALBD.PNG.DDS.json",
      "size": 102,
      "date": 132675617620000000
    },
    {
      "path": "SimObjects/Airplanes/Asobo_208B_GRAND_CARAVAN_EX/TEXTURE/CESSNA_208B_GRANDCARAVANEX_COCKPIT_BUTTONS_COMP.PNG.dds",
      "size": 1398276,
      "date": 132675617620000000
    },
    {
      "path": "SimObjects/Airplanes/Asobo_208B_GRAND_CARAVAN_EX/TEXTURE/CESSNA_208B_GRANDCARAVANEX_COCKPIT_BUTTONS_COMP.PNG.DDS.FLAGS",
      "size": 21,
      "date": 132719420340000000
    },
    {
      "path": "SimObjects/Airplanes/Asobo_208B_GRAND_CARAVAN_EX/TEXTURE/CESSNA_208B_GRANDCARAVANEX_COCKPIT_BUTTONS_COMP.PNG.DDS.json",
      "size": 191,
      "date": 132675617620000000
    },
    {
      "path": "SimObjects/Airplanes/Asobo_208B_GRAND_CARAVAN_EX/TEXTURE/CESSNA_208B_GRANDCARAVANEX_COCKPIT_DECALS_GAUGES_ALBD.PNG.dds",
      "size": 174904,
      "date": 132751532867681512
    },
    {
      "path": "SimObjects/Airplanes/Asobo_208B_GRAND_CARAVAN_EX/TEXTURE/CESSNA_208B_GRANDCARAVANEX_COCKPIT_DECALS_GAUGES_ALBD.PNG.DDS.json",
      "size": 102,
      "date": 132675617620000000
    },
    {
      "path": "SimObjects/Airplanes/Asobo_208B_GRAND_CARAVAN_EX/TEXTURE/CESSNA_208B_GRANDCARAVANEX_COCKPIT_DECALS_RIBBONS_ALBD.PNG.dds",
      "size": 349700,
      "date": 132675617620000000
    },
    {
      "path": "SimObjects/Airplanes/Asobo_208B_GRAND_CARAVAN_EX/TEXTURE/CESSNA_208B_GRANDCARAVANEX_COCKPIT_DECALS_RIBBONS_ALBD.PNG.DDS.json",
      "size": 119,
      "date": 132675617620000000
    },
    {
      "path": "SimObjects/Airplanes/Asobo_208B_GRAND_CARAVAN_EX/TEXTURE/CESSNA_208B_GRANDCARAVANEX_COCKPIT_DECALS_RIBBONS_COMP.PNG.dds",
      "size": 349700,
      "date": 132675617620000000
    },
    {
      "path": "SimObjects/Airplanes/Asobo_208B_GRAND_CARAVAN_EX/TEXTURE/CESSNA_208B_GRANDCARAVANEX_COCKPIT_DECALS_RIBBONS_COMP.PNG.DDS.FLAGS",
      "size": 21,
      "date": 132719420340000000
    },
    {
      "path": "SimObjects/Airplanes/Asobo_208B_GRAND_CARAVAN_EX/TEXTURE/CESSNA_208B_GRANDCARAVANEX_COCKPIT_DECALS_RIBBONS_COMP.PNG.DDS.json",
      "size": 191,
      "date": 132675617620000000
    },
    {
      "path": "SimObjects/Airplanes/Asobo_208B_GRAND_CARAVAN_EX/TEXTURE/CESSNA_208B_GRANDCARAVANEX_COCKPIT_DECALS_TEXTS_ALBD.TIF.dds",
      "size": 22369796,
      "date": 132675617620000000
    },
    {
      "path": "SimObjects/Airplanes/Asobo_208B_GRAND_CARAVAN_EX/TEXTURE/CESSNA_208B_GRANDCARAVANEX_COCKPIT_DECALS_TEXTS_ALBD.TIF.DDS.flags",
      "size": 17,
      "date": 132675617620000000
    },
    {
      "path": "SimObjects/Airplanes/Asobo_208B_GRAND_CARAVAN_EX/TEXTURE/CESSNA_208B_GRANDCARAVANEX_COCKPIT_DECALS_TEXTS_ALBD.TIF.DDS.json",
      "size": 119,
      "date": 132675617620000000
    },
    {
      "path": "SimObjects/Airplanes/Asobo_208B_GRAND_CARAVAN_EX/TEXTURE/CESSNA_208B_GRANDCARAVANEX_COCKPIT_DECALS_TEXTS_COMP.PNG.dds",
      "size": 22369796,
      "date": 132675617620000000
    },
    {
      "path": "SimObjects/Airplanes/Asobo_208B_GRAND_CARAVAN_EX/TEXTURE/CESSNA_208B_GRANDCARAVANEX_COCKPIT_DECALS_TEXTS_COMP.PNG.DDS.json",
      "size": 191,
      "date": 132675617620000000
    },
    {
      "path": "SimObjects/Airplanes/Asobo_208B_GRAND_CARAVAN_EX/TEXTURE/CESSNA_208B_GRANDCARAVANEX_COCKPIT_MAIN_PANEL_ALBD.PNG.dds",
      "size": 5592580,
      "date": 132675617620000000
    },
    {
      "path": "SimObjects/Airplanes/Asobo_208B_GRAND_CARAVAN_EX/TEXTURE/CESSNA_208B_GRANDCARAVANEX_COCKPIT_MAIN_PANEL_ALBD.PNG.DDS.json",
      "size": 102,
      "date": 132675617620000000
    },
    {
      "path": "SimObjects/Airplanes/Asobo_208B_GRAND_CARAVAN_EX/TEXTURE/CESSNA_208B_GRANDCARAVANEX_COCKPIT_MAIN_PANEL_COMP.PNG.dds",
      "size": 1398276,
      "date": 132675617620000000
    },
    {
      "path": "SimObjects/Airplanes/Asobo_208B_GRAND_CARAVAN_EX/TEXTURE/CESSNA_208B_GRANDCARAVANEX_COCKPIT_MAIN_PANEL_COMP.PNG.DDS.FLAGS",
      "size": 21,
      "date": 132719420340000000
    },
    {
      "path": "SimObjects/Airplanes/Asobo_208B_GRAND_CARAVAN_EX/TEXTURE/CESSNA_208B_GRANDCARAVANEX_COCKPIT_MAIN_PANEL_COMP.PNG.DDS.json",
      "size": 191,
      "date": 132675617620000000
    },
    {
      "path": "SimObjects/Airplanes/Asobo_208B_GRAND_CARAVAN_EX/TEXTURE/CESSNA_208B_GRANDCARAVANEX_COCKPIT_PEDESTAL_PEDALS_ALBD.PNG.dds",
      "size": 5592580,
      "date": 132675617620000000
    },
    {
      "path": "SimObjects/Airplanes/Asobo_208B_GRAND_CARAVAN_EX/TEXTURE/CESSNA_208B_GRANDCARAVANEX_COCKPIT_PEDESTAL_PEDALS_ALBD.PNG.DDS.json",
      "size": 102,
      "date": 132675617620000000
    },
    {
      "path": "SimObjects/Airplanes/Asobo_208B_GRAND_CARAVAN_EX/TEXTURE/CESSNA_208B_GRANDCARAVANEX_COCKPIT_PEDESTAL_PEDALS_COMP.PNG.dds",
      "size": 1398276,
      "date": 132675617620000000
    },
    {
      "path": "SimObjects/Airplanes/Asobo_208B_GRAND_CARAVAN_EX/TEXTURE/CESSNA_208B_GRANDCARAVANEX_COCKPIT_PEDESTAL_PEDALS_COMP.PNG.DDS.FLAGS",
      "size": 21,
      "date": 132719420340000000
    },
    {
      "path": "SimObjects/Airplanes/Asobo_208B_GRAND_CARAVAN_EX/TEXTURE/CESSNA_208B_GRANDCARAVANEX_COCKPIT_PEDESTAL_PEDALS_COMP.PNG.DDS.json",
      "size": 191,
      "date": 132675617620000000
    },
    {
      "path": "SimObjects/Airplanes/Asobo_208B_GRAND_CARAVAN_EX/TEXTURE/CESSNA_208B_GRANDCARAVANEX_COCKPIT_TOP_BACK_ALBD.PNG.dds",
      "size": 5592580,
      "date": 132675617620000000
    },
    {
      "path": "SimObjects/Airplanes/Asobo_208B_GRAND_CARAVAN_EX/TEXTURE/CESSNA_208B_GRANDCARAVANEX_COCKPIT_TOP_BACK_ALBD.PNG.DDS.json",
      "size": 119,
      "date": 132675617620000000
    },
    {
      "path": "SimObjects/Airplanes/Asobo_208B_GRAND_CARAVAN_EX/TEXTURE/CESSNA_208B_GRANDCARAVANEX_COCKPIT_TOP_FRONT_ALBD.PNG.dds",
      "size": 5592580,
      "date": 132675617620000000
    },
    {
      "path": "SimObjects/Airplanes/Asobo_208B_GRAND_CARAVAN_EX/TEXTURE/CESSNA_208B_GRANDCARAVANEX_COCKPIT_TOP_FRONT_ALBD.PNG.DDS.json",
      "size": 102,
      "date": 132675617620000000
    },
    {
      "path": "SimObjects/Airplanes/Asobo_208B_GRAND_CARAVAN_EX/TEXTURE/CESSNA_208B_GRANDCARAVANEX_COCKPIT_YOKE_COMP.PNG.dds",
      "size": 5592580,
      "date": 132675617620000000
    },
    {
      "path": "SimObjects/Airplanes/Asobo_208B_GRAND_CARAVAN_EX/TEXTURE/CESSNA_208B_GRANDCARAVANEX_COCKPIT_YOKE_COMP.PNG.DDS.FLAGS",
      "size": 21,
      "date": 132719420340000000
    },
    {
      "path": "SimObjects/Airplanes/Asobo_208B_GRAND_CARAVAN_EX/TEXTURE/CESSNA_208B_GRANDCARAVANEX_COCKPIT_YOKE_COMP.PNG.DDS.json",
      "size": 191,
      "date": 132675617620000000
    },
    {
      "path": "SimObjects/Airplanes/Asobo_208B_GRAND_CARAVAN_EX/TEXTURE/texture.cfg",
      "size": 463,
      "date": 132729104720000000
    },
    {
      "path": "texture/AS700/AS700_DECALS_ALBD.png",
      "size": 2887322,
      "date": 132675617620000000
    },
    {
      "path": "texture/AS700/AS700_DECALS_ALBD.PNG.dds",
      "size": 22369796,
      "date": 132675617620000000
    },
    {
      "path": "texture/AS700/AS700_DECALS_ALBD.PNG.DDS.json",
      "size": 119,
      "date": 132675617620000000
    },
    {
      "path": "texture/AS700/AS700_DECALS_EMIS.png",
      "size": 918574,
      "date": 132675617620000000
    },
    {
      "path": "texture/AS700/AS700_DECALS_EMIS.PNG.dds",
      "size": 22369796,
      "date": 132675617620000000
    },
    {
      "path": "texture/AS700/AS700_DECALS_EMIS.PNG.DDS.json",
      "size": 102,
      "date": 132675617620000000
    },
    {
      "path": "texture/GAUGES/AirspeedIndicator_Caravan_albd.png",
      "size": 474329,
      "date": 132750955242661410
    },
    {
      "path": "texture/GAUGES/AIRSPEEDINDICATOR_CARAVAN_ALBD.PNG.DDS",
      "size": 1398256,
      "date": 132750955242401177
    },
    {
      "path": "texture/GAUGES/AIRSPEEDINDICATOR_CARAVAN_ALBD.PNG.DDS.json",
      "size": 102,
      "date": 132750955242411188
    },
    {
      "path": "texture/GAUGES/AirspeedIndicator_Caravan_comp.png",
      "size": 783695,
      "date": 132750955242691436
    },
    {
      "path": "texture/GAUGES/AIRSPEEDINDICATOR_CARAVAN_COMP.PNG.DDS",
      "size": 699192,
      "date": 132750955242551315
    },
    {
      "path": "texture/GAUGES/AIRSPEEDINDICATOR_CARAVAN_COMP.PNG.DDS.json",
      "size": 166,
      "date": 132750955242561328
    },
    {
      "path": "texture/GAUGES/AirspeedIndicator_CARAVAN_norm.png",
      "size": 119106,
      "date": 132750955242621371
    },
    {
      "path": "texture/GAUGES/AIRSPEEDINDICATOR_CARAVAN_NORM.PNG.DDS",
      "size": 1398256,
      "date": 132750955242611373
    },
    {
      "path": "texture/GAUGES/AIRSPEEDINDICATOR_CARAVAN_NORM.PNG.DDS.json",
      "size": 177,
      "date": 132750955242611373
    },
    {
      "path": "texture/GAUGES/MAGNETICCOMPASS_ALBD.png",
      "size": 8311,
      "date": 132675617620000000
    },
    {
      "path": "texture/GAUGES/MAGNETICCOMPASS_ALBD.PNG.dds",
      "size": 175012,
      "date": 132675617620000000
    },
    {
      "path": "texture/GAUGES/MAGNETICCOMPASS_ALBD.PNG.DDS.json",
      "size": 119,
      "date": 132675617620000000
    }
  ]
}