<?xml version="1.0" encoding="utf-8"?>
<ModelInfo>
	<LODS>
		<!-- Highest LOD -->
		<!-- minimum display size in % (should be bounding sphere vertical screen size, sphere will often be slightly larger than you expect) -->
		<!-- default minSize is 0 -->
		<LOD minSize="150" ModelFile="208B_GRAND_CARAVAN_EX_LOD00.gltf"/>
		<LOD minSize="110" ModelFile="208B_GRAND_CARAVAN_EX_LOD01.gltf"/>
		<LOD minSize="75" ModelFile="208B_GRAND_CARAVAN_EX_LOD02.gltf"/>
		<LOD minSize="30" ModelFile="208B_GRAND_CARAVAN_EX_LOD03.gltf"/>
		<LOD minSize="15" ModelFile="208B_GRAND_CARAVAN_EX_LOD04.gltf"/>
		<!-- <LOD minSize="5" ModelFile="208B_GRAND_CARAVAN_EX_LOD05.gltf"/> -->
		<LOD minSize="1" ModelFile="208B_GRAND_CARAVAN_EX_LOD06.gltf"/>
	</LODS>
	<Behaviors>
		<!-- Includes ###################################### -->
		<Include ModelBehaviorFile="Asobo\Common.xml"/>
		<Include ModelBehaviorFile="Asobo\Exterior.xml"/>
		<Include ModelBehaviorFile="Asobo\Generic\FX.xml"/>
		<!-- ###################################### -->
		<Component ID="HANDLING">
			<UseTemplate Name="ASOBO_HANDLING_Elevator_Template">
				<ANIM_NAME>elevator_percent_key</ANIM_NAME>
			</UseTemplate>
			<UseTemplate Name="ASOBO_HANDLING_Elevator_Template">
				<ANIM_NAME_TRIM>trimtab_elevator_key</ANIM_NAME_TRIM>
				<TRIM_ONLY>True</TRIM_ONLY>
				<INVERT_ANIM>True</INVERT_ANIM>
			</UseTemplate>
			<UseTemplate Name="ASOBO_HANDLING_Aileron_Template">
				<ANIM_NAME_LEFT>l_aileron_percent_key</ANIM_NAME_LEFT>
				<ANIM_NAME_RIGHT>r_aileron_percent_key</ANIM_NAME_RIGHT>
				<USE_INTEGRATED_TRIM>True</USE_INTEGRATED_TRIM>
			</UseTemplate>
			<UseTemplate Name="ASOBO_HANDLING_Flaps_Template">
				<ANIM_NAME_LEFT>l_flap_percent_key</ANIM_NAME_LEFT>
				<ANIM_NAME_RIGHT>r_flap_percent_key</ANIM_NAME_RIGHT>
			</UseTemplate>
			<UseTemplate Name="ASOBO_HANDLING_Rudder_Template">
				<ANIM_NAME>rudder_percent_key</ANIM_NAME>
				<USE_INTEGRATED_TRIM>True</USE_INTEGRATED_TRIM>
			</UseTemplate>
			<!-- <UseTemplate Name="ASOBO_HANDLING_Spoilers_Template"> -->
			<!-- <ANIM_NAME_LEFT>l_spoiler_key</ANIM_NAME_LEFT> -->
			<!-- <ANIM_NAME_RIGHT>r_spoiler_key</ANIM_NAME_RIGHT> -->
			<!-- </UseTemplate> -->
			<UseTemplate Name="ASOBO_GT_Recursive_AnimEvents">
				<ANIM_EVENT_ID>1</ANIM_EVENT_ID>
				<ANIM_NAME>r_flap_percent_key</ANIM_NAME>
				<ANIM_EVENT_EFFECT_NAME_1>CAM_FLAPS01</ANIM_EVENT_EFFECT_NAME_1>
				<ANIM_EVENT_EFFECT_NAME_2>CAM_FLAPS02</ANIM_EVENT_EFFECT_NAME_2>
				<ANIM_EVENT_EFFECT_NAME_3>CAM_FLAPS01_Backward</ANIM_EVENT_EFFECT_NAME_3>
				<ANIM_EVENT_EFFECT_NAME_4>CAM_FLAPS02_Backward</ANIM_EVENT_EFFECT_NAME_4>
				<NORMALIZED_TIME_1>0</NORMALIZED_TIME_1>
				<NORMALIZED_TIME_2>34</NORMALIZED_TIME_2>
				<NORMALIZED_TIME_3>100</NORMALIZED_TIME_3>
				<NORMALIZED_TIME_4>33</NORMALIZED_TIME_4>
				<DIRECTION_1>Forward</DIRECTION_1>
				<DIRECTION_2>Forward</DIRECTION_2>
				<DIRECTION_3>Backward</DIRECTION_3>
				<DIRECTION_4>Backward</DIRECTION_4>
			</UseTemplate>
		</Component>
		<Component ID="ENGINE">
			<UseTemplate Name="ASOBO_ENGINE_Propeller_Template">
				<ID>1</ID>
				<ANIM_NODE_ID>Prop1</ANIM_NODE_ID>
				<ANIM_NAME>prop_anim</ANIM_NAME>
				<STILL_NODE_ID>nose_cone_still</STILL_NODE_ID>
				<SLOW_NODE_ID>nose_cone_slow</SLOW_NODE_ID>
				<PROP_BLURRED_NODE_ID>prop1_blurred</PROP_BLURRED_NODE_ID>
				<CONE_BLURRED_NODE_ID>nose_cone_blurred</CONE_BLURRED_NODE_ID>
				<PROP_SIDE_BLURRED_NODE_ID>PROP1_SIDE_BLUR</PROP_SIDE_BLURRED_NODE_ID>
				<FROSTED_STILL_NODE_ID>Spinner_Frost</FROSTED_STILL_NODE_ID>
				<FROSTED_SLOW_NODE_ID>Spinner_Slow_Frost</FROSTED_SLOW_NODE_ID>
				<FROSTED_BLURRED_NODE_ID>Spinner_Blurred_Frost</FROSTED_BLURRED_NODE_ID>
				<!-- New way of handling blades -->
				<PREFIX_BLADE_NODE_ID>prop1_blade</PREFIX_BLADE_NODE_ID>
				<BLADE_COUNT>4</BLADE_COUNT>
				<USE_BLADE_ROTATION>True</USE_BLADE_ROTATION>
				<ROTATION_ANIM_NAME>prop1_blades</ROTATION_ANIM_NAME>
			</UseTemplate>
		</Component>
		<Component ID="GEARS">
			<UseTemplate Name="ASOBO_GEAR_Center_Template">
				<ANIM_NAME>c_gear</ANIM_NAME>
			</UseTemplate>
			<UseTemplate Name="ASOBO_GEAR_Center_Tire_Template">
				<ANIM_NAME>c_tire_anim</ANIM_NAME>
				<NODE_ID_STILL>CENTRAL_WHEEL</NODE_ID_STILL>
				<NODE_ID_BLURRED>CENTRAL_WHEEL_BLURRED</NODE_ID_BLURRED>
			</UseTemplate>
			<UseTemplate Name="ASOBO_GEAR_Left_Template">
				<ANIM_NAME>l_gear</ANIM_NAME>
			</UseTemplate>
			<UseTemplate Name="ASOBO_GEAR_Left_Tire_Template">
				<ANIM_NAME>l_tire_anim</ANIM_NAME>
				<NODE_ID_STILL>LEFT_WHEEL</NODE_ID_STILL>
				<NODE_ID_BLURRED>LEFT_WHEEL_BLURRED</NODE_ID_BLURRED>
			</UseTemplate>
			<UseTemplate Name="ASOBO_GEAR_Right_Template">
				<ANIM_NAME>r_gear</ANIM_NAME>
			</UseTemplate>
			<UseTemplate Name="ASOBO_GEAR_Right_Tire_Template">
				<ANIM_NAME>r_tire_anim</ANIM_NAME>
				<NODE_ID_STILL>RIGHT_WHEEL</NODE_ID_STILL>
				<NODE_ID_BLURRED>RIGHT_WHEEL_BLURRED</NODE_ID_BLURRED>
			</UseTemplate>
			<UseTemplate Name="ASOBO_GEAR_Steering_Template">
				<ANIM_NAME>c_wheel</ANIM_NAME>
			</UseTemplate>
		</Component>
		<Component OverrideID="LANDING_FX">
			<UseTemplate Name="ASOBO_WET_CP_LANDING_FX">
				<FX_CONTACT_POINT_ID>0</FX_CONTACT_POINT_ID>
			</UseTemplate>
			<UseTemplate Name="ASOBO_WET_CP_LANDING_FX">
				<FX_CONTACT_POINT_ID>1</FX_CONTACT_POINT_ID>
			</UseTemplate>
			<UseTemplate Name="ASOBO_WET_CP_LANDING_FX">
				<FX_CONTACT_POINT_ID>2</FX_CONTACT_POINT_ID>
			</UseTemplate>
			<UseTemplate Name="ASOBO_SMOKE_CP_LANDING_FX">
				<FX_CONTACT_POINT_ID>0</FX_CONTACT_POINT_ID>
			</UseTemplate>
			<UseTemplate Name="ASOBO_SMOKE_CP_LANDING_FX">
				<FX_CONTACT_POINT_ID>1</FX_CONTACT_POINT_ID>
			</UseTemplate>
			<UseTemplate Name="ASOBO_SMOKE_CP_LANDING_FX">
				<FX_CONTACT_POINT_ID>2</FX_CONTACT_POINT_ID>
			</UseTemplate>
			<UseTemplate Name="ASOBO_DUST_CP_LANDING_FX">
				<FX_CONTACT_POINT_ID>0</FX_CONTACT_POINT_ID>
			</UseTemplate>
			<UseTemplate Name="ASOBO_DUST_CP_LANDING_FX">
				<FX_CONTACT_POINT_ID>1</FX_CONTACT_POINT_ID>
			</UseTemplate>
			<UseTemplate Name="ASOBO_DUST_CP_LANDING_FX">
				<FX_CONTACT_POINT_ID>2</FX_CONTACT_POINT_ID>
			</UseTemplate>
			<UseTemplate Name="ASOBO_GRASS_CP_LANDING_FX">
				<FX_CONTACT_POINT_ID>0</FX_CONTACT_POINT_ID>
			</UseTemplate>
			<UseTemplate Name="ASOBO_GRASS_CP_LANDING_FX">
				<FX_CONTACT_POINT_ID>1</FX_CONTACT_POINT_ID>
			</UseTemplate>
			<UseTemplate Name="ASOBO_GRASS_CP_LANDING_FX">
				<FX_CONTACT_POINT_ID>2</FX_CONTACT_POINT_ID>
			</UseTemplate>
			<UseTemplate Name="ASOBO_SNOW_CP_LANDING_FX">
				<FX_CONTACT_POINT_ID>0</FX_CONTACT_POINT_ID>
			</UseTemplate>
			<UseTemplate Name="ASOBO_SNOW_CP_LANDING_FX">
				<FX_CONTACT_POINT_ID>1</FX_CONTACT_POINT_ID>
			</UseTemplate>
			<UseTemplate Name="ASOBO_SNOW_CP_LANDING_FX">
				<FX_CONTACT_POINT_ID>2</FX_CONTACT_POINT_ID>
			</UseTemplate>
			<UseTemplate Name="ASOBO_WATER_CP_LANDING_FX">
				<FX_CONTACT_POINT_ID>0</FX_CONTACT_POINT_ID>
			</UseTemplate>
			<UseTemplate Name="ASOBO_WATER_CP_LANDING_FX">
				<FX_CONTACT_POINT_ID>1</FX_CONTACT_POINT_ID>
			</UseTemplate>
			<UseTemplate Name="ASOBO_WATER_CP_LANDING_FX">
				<FX_CONTACT_POINT_ID>2</FX_CONTACT_POINT_ID>
			</UseTemplate>
		</Component>
	</Behaviors>
</ModelInfo>

